<?xml version="1.0" encoding="UTF-8"?>
<project-private xmlns="http://www.netbeans.org/ns/project-private/1">
    <editor-bookmarks xmlns="http://www.netbeans.org/ns/editor-bookmarks/2" lastBookmarkId="0"/>
    <open-files xmlns="http://www.netbeans.org/ns/projectui-open-files/2">
        <group>
            <file>file:/C:/Users/HP/Videos/text-summarizer-master/src/text/summarizer/master/SummaryTool.java</file>
            <file>file:/C:/Users/HP/Videos/text-summarizer-master/src/text/summarizer/master/article/article</file>
            <file>file:/C:/Users/HP/Videos/text-summarizer-master/src/text/summarizer/master/improved_summary.java</file>
            <file>file:/C:/Users/HP/Videos/text-summarizer-master/src/text/summarizer/master/documentation</file>
        </group>
    </open-files>
</project-private>
